{
    "WetToDry": 0.8,
    "OutFileName": "out.wav",
    "WalkerDefs": [
	{
		"MostDelay": 125,
		"LeastDelay": 1,
		"AccA": -1.000932114,
		"AccB": 1.000932114,
		"SpeedA": -0.9831751854,
		"SpeedB": 0.9831751854,
		"UpdateDelay": 10837
	},
	{
		"MostDelay": 48,
		"LeastDelay": 1,
		"AccA": -0.1607397277,
		"AccB": 0.1607397277,
		"SpeedA": -0.8210424408,
		"SpeedB": 0.8210424408,
		"UpdateDelay": 1453
	}
    ]
}
